{
  "duration_sec": 9111.0,
  "generated_at_utc": "2026-04-08T02:14:44.378598Z",
  "host_metrics": {
    "disk_avg_queue_depth": {
      "avg": 0.45756031802965086,
      "last": 0.037,
      "max": 9.441,
      "min": 0.0075,
      "p95": 1.979,
      "samples": 8364.0
    },
    "disk_busy_pct": {
      "avg": 13.602319464371114,
      "last": 3.9,
      "max": 63.9,
      "min": 0.75,
      "p95": 30.2,
      "samples": 8364.0
    },
    "disk_discard_await_ms": {
      "avg": 0.0,
      "last": 0.0,
      "max": 0.0,
      "min": 0.0,
      "p95": 0.0,
      "samples": 8364.0
    },
    "disk_discard_bytes_per_sec": {
      "avg": 0.0,
      "last": 0.0,
      "max": 0.0,
      "min": 0.0,
      "p95": 0.0,
      "samples": 8364.0
    },
    "disk_discard_ops_per_sec": {
      "avg": 0.0,
      "last": 0.0,
      "max": 0.0,
      "min": 0.0,
      "p95": 0.0,
      "samples": 8364.0
    },
    "disk_flush_await_ms": {
      "avg": 0.09444949665960563,
      "last": 0.0,
      "max": 2.0,
      "min": 0.0,
      "p95": 0.5,
      "samples": 8364.0
    },
    "disk_flush_ops_per_sec": {
      "avg": 10.466104734576758,
      "last": 0.0,
      "max": 134.0,
      "min": 0.0,
      "p95": 70.0,
      "samples": 8364.0
    },
    "disk_in_flight": {
      "avg": 0.3913199426111908,
      "last": 0.0,
      "max": 76.0,
      "min": 0.0,
      "p95": 1.0,
      "samples": 8364.0
    },
    "disk_read_avg_request_bytes": {
      "avg": 40757.221081771866,
      "last": 16112.741721854305,
      "max": 333550.5894206549,
      "min": 5884.1015228426395,
      "p95": 115219.86865671641,
      "samples": 8364.0
    },
    "disk_read_await_ms": {
      "avg": 0.3280641851904028,
      "last": 0.25165562913907286,
      "max": 1.7101855848079413,
      "min": 0.1651179413867048,
      "p95": 0.5682773109243697,
      "samples": 8364.0
    },
    "disk_read_bytes_per_sec": {
      "avg": 24497016.593017694,
      "last": 2433024.0,
      "max": 253558784.0,
      "min": 393216.0,
      "p95": 100921344.0,
      "samples": 8364.0
    },
    "disk_read_merges_per_sec": {
      "avg": 2.9322692491630797,
      "last": 0.0,
      "max": 118.0,
      "min": 0.0,
      "p95": 23.0,
      "samples": 8364.0
    },
    "disk_read_ops_per_sec": {
      "avg": 546.7086920133908,
      "last": 151.0,
      "max": 4991.0,
      "min": 26.0,
      "p95": 1162.0,
      "samples": 8364.0
    },
    "disk_write_avg_request_bytes": {
      "avg": 135085.80212335326,
      "last": 0.0,
      "max": 1310720.0,
      "min": 0.0,
      "p95": 488501.8947368421,
      "samples": 8364.0
    },
    "disk_write_await_ms": {
      "avg": 1.185676818241425,
      "last": 0.0,
      "max": 9.75,
      "min": 0.0,
      "p95": 3.9,
      "samples": 8364.0
    },
    "disk_write_bytes_per_sec": {
      "avg": 26947750.993782878,
      "last": 0.0,
      "max": 307593216.0,
      "min": 0.0,
      "p95": 177778688.0,
      "samples": 8364.0
    },
    "disk_write_merges_per_sec": {
      "avg": 79.17641080822573,
      "last": 0.0,
      "max": 963.0,
      "min": 0.0,
      "p95": 496.0,
      "samples": 8364.0
    },
    "disk_write_ops_per_sec": {
      "avg": 77.96293639406983,
      "last": 0.0,
      "max": 748.0,
      "min": 0.0,
      "p95": 413.0,
      "samples": 8364.0
    },
    "net_rx_bytes_per_sec": {
      "avg": 1207778.4029172645,
      "last": 944026.0,
      "max": 6473587.0,
      "min": 161438.0,
      "p95": 1878296.0,
      "samples": 8364.0
    },
    "net_tx_bytes_per_sec": {
      "avg": 6160673.392515543,
      "last": 1349625.0,
      "max": 13008218.0,
      "min": 207167.0,
      "p95": 9777437.0,
      "samples": 8364.0
    },
    "proc_fd_count": {
      "avg": 3642.9000478240077,
      "last": 3639.0,
      "max": 3651.0,
      "min": 3599.0,
      "p95": 3648.0,
      "samples": 8364.0
    },
    "proc_read_bytes_per_sec": {
      "avg": 24473735.896700144,
      "last": 2580480.0,
      "max": 253177856.0,
      "min": 393216.0,
      "p95": 100499456.0,
      "samples": 8364.0
    },
    "proc_rss_bytes": {
      "avg": 7940943895.996174,
      "last": 7993372672.0,
      "max": 8162738176.0,
      "min": 7888855040.0,
      "p95": 7987884032.0,
      "samples": 8364.0
    },
    "proc_threads": {
      "avg": 61.43208990913438,
      "last": 66.0,
      "max": 66.0,
      "min": 61.0,
      "p95": 66.0,
      "samples": 8364.0
    },
    "proc_virtual_bytes": {
      "avg": 11637645895.253946,
      "last": 11639721984.0,
      "max": 11639721984.0,
      "min": 11637497856.0,
      "p95": 11639721984.0,
      "samples": 8364.0
    },
    "proc_write_bytes_per_sec": {
      "avg": 29863456.56623625,
      "last": 3899392.0,
      "max": 320045056.0,
      "min": 520192.0,
      "p95": 180264960.0,
      "samples": 8364.0
    },
    "storage_used_bytes": {
      "avg": 175643879193.3429,
      "last": 176369016832.0,
      "max": 176470257664.0,
      "min": 175255126016.0,
      "p95": 176252956672.0,
      "samples": 8364.0
    },
    "system_cpu_iowait_pct": {
      "avg": 1.5804708347875784,
      "last": 0.34443168771526983,
      "max": 9.210526315789474,
      "min": 0.0,
      "p95": 4.166666666666667,
      "samples": 8364.0
    },
    "system_cpu_util_pct": {
      "avg": 25.84074012601731,
      "last": 16.53272101033295,
      "max": 48.34905660377358,
      "min": 7.067137809187279,
      "p95": 35.50640279394645,
      "samples": 8364.0
    }
  },
  "host_sample_count": 8365,
  "iostat_metrics": {
    "aqu_sz": {
      "avg": 0.4378206128133705,
      "last": 0.02,
      "max": 8.32,
      "min": 0.01,
      "p95": 1.88,
      "samples": 8975.0
    },
    "cpu_iowait_pct": {
      "avg": 1.5798629526462395,
      "last": 0.13,
      "max": 9.38,
      "min": 0.0,
      "p95": 4.19,
      "samples": 8975.0
    },
    "devices": [
      "sda"
    ],
    "r_await_ms": {
      "avg": 0.3274161559888579,
      "last": 0.29,
      "max": 1.78,
      "min": 0.17,
      "p95": 0.57,
      "samples": 8975.0
    },
    "r_s": {
      "avg": 525.2186384401115,
      "last": 75.25,
      "max": 4480.0,
      "min": 17.0,
      "p95": 1120.0,
      "samples": 8975.0
    },
    "rkB_s": {
      "avg": 22950.51427409471,
      "last": 1386.14,
      "max": 210920.0,
      "min": 308.0,
      "p95": 95756.0,
      "samples": 8975.0
    },
    "util_pct": {
      "avg": 13.057362674094708,
      "last": 2.28,
      "max": 59.7,
      "min": 0.6,
      "p95": 28.6,
      "samples": 8975.0
    },
    "w_await_ms": {
      "avg": 1.1318729805013927,
      "last": 0.0,
      "max": 9.75,
      "min": 0.0,
      "p95": 3.84,
      "samples": 8975.0
    },
    "w_s": {
      "avg": 74.51551420612813,
      "last": 0.0,
      "max": 826.0,
      "min": 0.0,
      "p95": 392.0,
      "samples": 8975.0
    },
    "wkB_s": {
      "avg": 25139.400021169917,
      "last": 0.0,
      "max": 290408.0,
      "min": 0.0,
      "p95": 165180.0,
      "samples": 8975.0
    }
  },
  "iostat_sample_count": 8975,
  "metadata": {
    "collector": "operator-kit",
    "ended_at_utc": "2026-04-08T02:14:39Z",
    "host": {
      "cpu_model": "AMD EPYC-Genoa Processor",
      "disk_capacity_gib": 300.17,
      "disk_device": "sda",
      "disk_type": "local-ssd",
      "instance_name": "node-perf-devnet-01",
      "memory_gib": 15.24,
      "os": "Ubuntu 24.04.4 LTS",
      "provider": "hetzner",
      "region": "hel1",
      "vcpu": 8
    },
    "load": {
      "estimated_bps": 10.0,
      "estimated_tps": 3000.0,
      "notes": "",
      "payload_profile": "unknown",
      "source": "devnet",
      "traffic_shape": "sustained synthetic devnet load plus one synced downstream plus one cold downstream IBD"
    },
    "node": {
      "archival": false,
      "commit": "dac7407e7924e31983aa72a8357967b1e2d8d93a",