{
  "duration_sec": 8040.0,
  "generated_at_utc": "2026-04-08T01:57:43.484283Z",
  "host_metrics": {
    "disk_avg_queue_depth": {
      "avg": 2.0966843725438826,
      "last": 2.896,
      "max": 7.085,
      "min": 0.0,
      "p95": 3.791,
      "samples": 7634.0
    },
    "disk_busy_pct": {
      "avg": 30.06910531831281,
      "last": 40.2,
      "max": 68.7,
      "min": 0.0,
      "p95": 43.1,
      "samples": 7634.0
    },
    "disk_discard_await_ms": {
      "avg": 0.0,
      "last": 0.0,
      "max": 0.0,
      "min": 0.0,
      "p95": 0.0,
      "samples": 7634.0
    },
    "disk_discard_bytes_per_sec": {
      "avg": 0.0,
      "last": 0.0,
      "max": 0.0,
      "min": 0.0,
      "p95": 0.0,
      "samples": 7634.0
    },
    "disk_discard_ops_per_sec": {
      "avg": 0.0,
      "last": 0.0,
      "max": 0.0,
      "min": 0.0,
      "p95": 0.0,
      "samples": 7634.0
    },
    "disk_flush_await_ms": {
      "avg": 0.2339812369731223,
      "last": 0.2524271844660194,
      "max": 1.3888888888888888,
      "min": 0.0,
      "p95": 0.34285714285714286,
      "samples": 7634.0
    },
    "disk_flush_ops_per_sec": {
      "avg": 115.86612522923762,
      "last": 206.0,
      "max": 302.0,
      "min": 0.0,
      "p95": 211.0,
      "samples": 7634.0
    },
    "disk_in_flight": {
      "avg": 2.08488341629552,
      "last": 0.0,
      "max": 97.0,
      "min": 0.0,
      "p95": 12.0,
      "samples": 7634.0
    },
    "disk_read_avg_request_bytes": {
      "avg": 82332.30768739985,
      "last": 115306.20886981401,
      "max": 268377.9638242894,
      "min": 0.0,
      "p95": 184647.8915429309,
      "samples": 7634.0
    },
    "disk_read_await_ms": {
      "avg": 0.516265592220582,
      "last": 0.5486409155937053,
      "max": 4.0,
      "min": 0.0,
      "p95": 0.8106336489439184,
      "samples": 7634.0
    },
    "disk_read_bytes_per_sec": {
      "avg": 103369853.28373069,
      "last": 161198080.0,
      "max": 508215296.0,
      "min": 0.0,
      "p95": 275398656.0,
      "samples": 7634.0
    },
    "disk_read_merges_per_sec": {
      "avg": 12.996135708671732,
      "last": 36.0,
      "max": 431.0,
      "min": 0.0,
      "p95": 50.0,
      "samples": 7634.0
    },
    "disk_read_ops_per_sec": {
      "avg": 999.7896253602305,
      "last": 1398.0,
      "max": 7972.0,
      "min": 0.0,
      "p95": 1674.0,
      "samples": 7634.0
    },
    "disk_write_avg_request_bytes": {
      "avg": 480072.72886359604,
      "last": 455905.16685082874,
      "max": 1310720.0,
      "min": 0.0,
      "p95": 602875.575308642,
      "samples": 7634.0
    },
    "disk_write_await_ms": {
      "avg": 2.4415366748476495,
      "last": 2.2950276243093923,
      "max": 6.540760869565218,
      "min": 0.0,
      "p95": 3.794561933534743,
      "samples": 7634.0
    },
    "disk_write_bytes_per_sec": {
      "avg": 298072707.8564318,
      "last": 412594176.0,
      "max": 898928640.0,
      "min": 0.0,
      "p95": 607150080.0,
      "samples": 7634.0
    },
    "disk_write_merges_per_sec": {
      "avg": 708.6666230023578,
      "last": 1205.0,
      "max": 1989.0,
      "min": 0.0,
      "p95": 1313.0,
      "samples": 7634.0
    },
    "disk_write_ops_per_sec": {
      "avg": 583.341564055541,
      "last": 905.0,
      "max": 1792.0,
      "min": 0.0,
      "p95": 1131.0,
      "samples": 7634.0
    },
    "net_rx_bytes_per_sec": {
      "avg": 5775373.704741944,
      "last": 6213970.0,
      "max": 73505892.0,
      "min": 1128.0,
      "p95": 8538420.0,
      "samples": 7634.0
    },
    "net_tx_bytes_per_sec": {
      "avg": 11115.097524233692,
      "last": 13218.0,
      "max": 69177.0,
      "min": 363.0,
      "p95": 16810.0,
      "samples": 7634.0
    },
    "proc_fd_count": {
      "avg": 2880.934896515588,
      "last": 3652.0,
      "max": 3665.0,
      "min": 40.0,
      "p95": 3656.0,
      "samples": 7634.0
    },
    "proc_read_bytes_per_sec": {
      "avg": 103318973.06575845,
      "last": 148467712.0,
      "max": 508121088.0,
      "min": 0.0,
      "p95": 275456000.0,
      "samples": 7634.0
    },
    "proc_rss_bytes": {
      "avg": 7867872240.708409,
      "last": 7179440128.0,
      "max": 8824225792.0,
      "min": 922066944.0,
      "p95": 8398532608.0,
      "samples": 7634.0
    },
    "proc_threads": {
      "avg": 62.321194655488604,
      "last": 60.0,
      "max": 80.0,
      "min": 60.0,
      "p95": 80.0,
      "samples": 7634.0
    },
    "proc_virtual_bytes": {
      "avg": 11233058426.466858,
      "last": 11329458176.0,
      "max": 11396870144.0,
      "min": 4954419200.0,
      "p95": 11396870144.0,
      "samples": 7634.0
    },
    "proc_write_bytes_per_sec": {
      "avg": 328805886.7927692,
      "last": 403148800.0,
      "max": 920879104.0,
      "min": 0.0,
      "p95": 634695680.0,
      "samples": 7634.0
    },
    "storage_used_bytes": {
      "avg": 57481704375.297874,
      "last": 107754369024.0,
      "max": 108315332608.0,
      "min": 12262866944.0,
      "p95": 102825664512.0,
      "samples": 7634.0
    },
    "system_cpu_iowait_pct": {
      "avg": 4.916634357453218,
      "last": 6.971153846153846,
      "max": 12.617924528301886,
      "min": 0.0,
      "p95": 8.121212121212121,
      "samples": 7634.0
    },
    "system_cpu_util_pct": {
      "avg": 61.01371417625337,
      "last": 64.66346153846153,
      "max": 81.0615199034982,
      "min": 5.985915492957746,
      "p95": 74.12755716004814,
      "samples": 7634.0
    }
  },
  "host_sample_count": 7635,
  "iostat_metrics": {
    "aqu_sz": {
      "avg": 2.045982916719005,
      "last": 1.81,
      "max": 6.78,
      "min": 0.0,
      "p95": 3.7,
      "samples": 7961.0
    },
    "cpu_iowait_pct": {
      "avg": 4.910866725285768,
      "last": 5.32,
      "max": 13.57,
      "min": 0.0,
      "p95": 8.2,
      "samples": 7961.0
    },
    "devices": [
      "sda"
    ],
    "r_await_ms": {
      "avg": 0.5144994347443789,
      "last": 0.48,
      "max": 8.0,
      "min": 0.0,
      "p95": 0.81,
      "samples": 7961.0
    },
    "r_s": {
      "avg": 974.8232797387263,
      "last": 1532.0,
      "max": 9432.0,
      "min": 0.0,
      "p95": 1608.0,
      "samples": 7961.0
    },
    "rkB_s": {
      "avg": 98415.02729807813,
      "last": 123416.0,
      "max": 453780.0,
      "min": 0.0,
      "p95": 264196.0,
      "samples": 7961.0
    },
    "util_pct": {
      "avg": 29.31207386006783,
      "last": 35.1,
      "max": 55.4,
      "min": 0.0,
      "p95": 41.3,
      "samples": 7961.0
    },
    "w_await_ms": {
      "avg": 2.435145082276096,
      "last": 1.97,
      "max": 6.41,
      "min": 0.0,
      "p95": 3.8,
      "samples": 7961.0
    },
    "w_s": {
      "avg": 568.8210790101746,
      "last": 537.0,
      "max": 1673.27,
      "min": 0.0,
      "p95": 1111.0,
      "samples": 7961.0
    },
    "wkB_s": {
      "avg": 283821.6608328099,
      "last": 235068.0,
      "max": 824124.0,
      "min": 0.0,
      "p95": 584968.0,
      "samples": 7961.0
    }
  },
  "iostat_sample_count": 7961,
  "metadata": {
    "collector": "operator-kit",
    "ended_at_utc": "2026-04-08T01:57:06Z",
    "host": {
      "cpu_model": "AMD EPYC-Genoa Processor",
      "disk_capacity_gib": 300.17,
      "disk_device": "sda",
      "disk_type": "local-ssd",
      "instance_name": "node-perf-devnet-03",
      "memory_gib": 15.24,
      "os": "Ubuntu 24.04.3 LTS",
      "provider": "hetzner",
      "region": "hel1",
      "vcpu": 8
    },
    "load": {
      "estimated_bps": 10.0,
      "estimated_tps": 3000.0,
      "notes": "",
      "payload_profile": "unknown",
      "source": "devnet",
      "traffic_shape": "cold downstream IBD via relay node while leaf1 remains synced"
    },
    "node": {
      "archival": false,
      "commit": "dac7407e7924e31983aa72a8357967b1e2d8d93a",