{
  "duration_sec": 8965.0,
  "generated_at_utc": "2026-04-08T05:45:56.045254Z",
  "host_metrics": {
    "disk_avg_queue_depth": {
      "avg": 2.248623299718574,
      "last": 1.373,
      "max": 6.334,
      "min": 0.0,
      "p95": 4.072,
      "samples": 8528.0
    },
    "disk_busy_pct": {
      "avg": 27.2952919793621,
      "last": 27.6,
      "max": 68.4,
      "min": 0.0,
      "p95": 39.1,
      "samples": 8528.0
    },
    "disk_discard_await_ms": {
      "avg": 0.0,
      "last": 0.0,
      "max": 0.0,
      "min": 0.0,
      "p95": 0.0,
      "samples": 8528.0
    },
    "disk_discard_bytes_per_sec": {
      "avg": 0.0,
      "last": 0.0,
      "max": 0.0,
      "min": 0.0,
      "p95": 0.0,
      "samples": 8528.0
    },
    "disk_discard_ops_per_sec": {
      "avg": 0.0,
      "last": 0.0,
      "max": 0.0,
      "min": 0.0,
      "p95": 0.0,
      "samples": 8528.0
    },
    "disk_flush_await_ms": {
      "avg": 0.23861706303856314,
      "last": 0.22093023255813954,
      "max": 1.1616161616161615,
      "min": 0.0,
      "p95": 0.3474576271186441,
      "samples": 8528.0
    },
    "disk_flush_ops_per_sec": {
      "avg": 112.30335365853658,
      "last": 86.0,
      "max": 298.0,
      "min": 0.0,
      "p95": 201.0,
      "samples": 8528.0
    },
    "disk_in_flight": {
      "avg": 1.9758442776735459,
      "last": 2.0,
      "max": 97.0,
      "min": 0.0,
      "p95": 12.0,
      "samples": 8528.0
    },
    "disk_read_avg_request_bytes": {
      "avg": 85030.06687296533,
      "last": 63897.025928521376,
      "max": 280978.2095766829,
      "min": 0.0,
      "p95": 186026.17974322397,
      "samples": 8528.0
    },
    "disk_read_await_ms": {
      "avg": 0.4287779384792506,
      "last": 0.3251576734407849,
      "max": 8.0,
      "min": 0.0,
      "p95": 0.6986607142857143,
      "samples": 8528.0
    },
    "disk_read_bytes_per_sec": {
      "avg": 109998711.83489682,
      "last": 91181056.0,
      "max": 518569984.0,
      "min": 0.0,
      "p95": 282267648.0,
      "samples": 8528.0
    },
    "disk_read_merges_per_sec": {
      "avg": 13.478658536585366,
      "last": 3.0,
      "max": 454.0,
      "min": 0.0,
      "p95": 52.0,
      "samples": 8528.0
    },
    "disk_read_ops_per_sec": {
      "avg": 1063.205147748593,
      "last": 1427.0,
      "max": 10196.0,
      "min": 0.0,
      "p95": 1750.0,
      "samples": 8528.0
    },
    "disk_write_avg_request_bytes": {
      "avg": 489572.0227816124,
      "last": 551475.3316195373,
      "max": 950644.3636363636,
      "min": 0.0,
      "p95": 626625.306122449,
      "samples": 8528.0
    },
    "disk_write_await_ms": {
      "avg": 2.8894254907087054,
      "last": 2.2879177377892033,
      "max": 7.347368421052631,
      "min": 0.0,
      "p95": 4.375711574952562,
      "samples": 8528.0
    },
    "disk_write_bytes_per_sec": {
      "avg": 296298702.5290807,
      "last": 214523904.0,
      "max": 919289856.0,
      "min": 0.0,
      "p95": 601452544.0,
      "samples": 8528.0
    },
    "disk_write_merges_per_sec": {
      "avg": 748.0954502814259,
      "last": 546.0,
      "max": 2034.0,
      "min": 0.0,
      "p95": 1364.0,
      "samples": 8528.0
    },
    "disk_write_ops_per_sec": {
      "avg": 578.0265009380863,
      "last": 389.0,
      "max": 1713.0,
      "min": 0.0,
      "p95": 1122.0,
      "samples": 8528.0
    },
    "net_rx_bytes_per_sec": {
      "avg": 5667409.369606004,
      "last": 8040680.0,
      "max": 9948266.0,
      "min": 734.0,
      "p95": 8390866.0,
      "samples": 8528.0
    },
    "net_tx_bytes_per_sec": {
      "avg": 12705.379221388368,
      "last": 191314.0,
      "max": 205948.0,
      "min": 330.0,
      "p95": 21296.0,
      "samples": 8528.0
    },
    "proc_fd_count": {
      "avg": 2968.6971153846152,
      "last": 3651.0,
      "max": 3670.0,
      "min": 57.0,
      "p95": 3661.0,
      "samples": 8528.0
    },
    "proc_read_bytes_per_sec": {
      "avg": 109989644.00750469,
      "last": 95064064.0,
      "max": 516403200.0,
      "min": 0.0,
      "p95": 281628672.0,
      "samples": 8528.0
    },
    "proc_rss_bytes": {
      "avg": 7570862123.227016,
      "last": 7241719808.0,
      "max": 8786972672.0,
      "min": 2448310272.0,
      "p95": 7886524416.0,
      "samples": 8528.0
    },
    "proc_threads": {
      "avg": 58.00281425891182,
      "last": 56.0,
      "max": 76.0,
      "min": 56.0,
      "p95": 76.0,
      "samples": 8528.0
    },
    "proc_virtual_bytes": {
      "avg": 11274583523.18199,
      "last": 11320967168.0,
      "max": 11388366848.0,
      "min": 6019657728.0,
      "p95": 11388366848.0,
      "samples": 8528.0
    },
    "proc_write_bytes_per_sec": {
      "avg": 326289682.25140715,
      "last": 252096512.0,
      "max": 950493184.0,
      "min": 0.0,
      "p95": 627032064.0,
      "samples": 8528.0
    },
    "storage_used_bytes": {
      "avg": 64048325584.93058,
      "last": 118642139136.0,
      "max": 119107743744.0,
      "min": 13685825536.0,
      "p95": 113303875584.0,
      "samples": 8528.0
    },
    "system_cpu_iowait_pct": {
      "avg": 4.92668598600631,
      "last": 4.247572815533981,
      "max": 17.818181818181817,
      "min": 0.0,
      "p95": 8.50546780072904,
      "samples": 8528.0
    },
    "system_cpu_util_pct": {
      "avg": 61.50649220835565,
      "last": 63.83495145631068,
      "max": 80.67226890756302,
      "min": 11.40552995391705,
      "p95": 73.52587244283995,
      "samples": 8528.0
    }
  },
  "host_sample_count": 8529,
  "iostat_metrics": {
    "aqu_sz": {
      "avg": 2.195553428667943,
      "last": 3.92,
      "max": 6.78,
      "min": 0.0,
      "p95": 3.95,
      "samples": 8881.0
    },
    "cpu_iowait_pct": {
      "avg": 4.925044476973314,
      "last": 7.79,
      "max": 22.29,
      "min": 0.0,
      "p95": 8.61,
      "samples": 8881.0
    },
    "devices": [
      "sda"
    ],
    "r_await_ms": {
      "avg": 0.42641031415381153,
      "last": 0.68,
      "max": 4.0,
      "min": 0.0,
      "p95": 0.7,
      "samples": 8881.0
    },
    "r_s": {
      "avg": 1037.6416225650264,
      "last": 1443.0,
      "max": 11746.0,
      "min": 0.0,
      "p95": 1702.0,
      "samples": 8881.0
    },
    "rkB_s": {
      "avg": 104872.12752955749,
      "last": 267128.0,
      "max": 464880.0,
      "min": 0.0,
      "p95": 270784.0,
      "samples": 8881.0
    },
    "util_pct": {
      "avg": 26.6335209998874,
      "last": 36.6,
      "max": 61.4,
      "min": 0.0,
      "p95": 37.5,
      "samples": 8881.0
    },
    "w_await_ms": {
      "avg": 2.8864013061592164,
      "last": 2.99,
      "max": 7.39,
      "min": 0.0,
      "p95": 4.41,
      "samples": 8881.0
    },
    "w_s": {
      "avg": 564.4539128476523,
      "last": 968.0,
      "max": 1834.0,
      "min": 0.0,
      "p95": 1100.0,
      "samples": 8881.0
    },
    "wkB_s": {
      "avg": 282580.85623916227,
      "last": 524832.0,
      "max": 837580.0,
      "min": 0.0,
      "p95": 580428.0,
      "samples": 8881.0
    }
  },
  "iostat_sample_count": 8881,
  "metadata": {
    "collector": "operator-kit",
    "ended_at_utc": "2026-04-08T05:45:17Z",
    "host": {
      "cpu_model": "AMD EPYC-Genoa Processor",
      "disk_capacity_gib": 300.17,
      "disk_device": "sda",
      "disk_type": "local-ssd",
      "instance_name": "node-perf-devnet-02",
      "memory_gib": 15.24,
      "os": "Ubuntu 24.04.3 LTS",
      "provider": "hetzner",
      "region": "hel1",
      "vcpu": 8
    },
    "load": {
      "estimated_bps": 10.0,
      "estimated_tps": 3000.0,
      "notes": "",
      "payload_profile": "unknown",
      "source": "devnet",
      "traffic_shape": "cold downstream IBD via relay during 8-leaf simultaneous launch"
    },
    "node": {
      "archival": false,
      "commit": "dac7407e7924e31983aa72a8357967b1e2d8d93a",