{
  "duration_sec": 5097.0,
  "generated_at_utc": "2026-04-04T13:35:19.971572Z",
  "host_metrics": {
    "disk_avg_queue_depth": {
      "avg": 1.7959862184172062,
      "last": 2.44,
      "max": 8.887,
      "min": 0.0,
      "p95": 3.94,
      "samples": 4789.0
    },
    "disk_busy_pct": {
      "avg": 28.38594696178743,
      "last": 32.4,
      "max": 63.3,
      "min": 0.0,
      "p95": 51.9,
      "samples": 4789.0
    },
    "disk_discard_await_ms": {
      "avg": 0.0,
      "last": 0.0,
      "max": 0.0,
      "min": 0.0,
      "p95": 0.0,
      "samples": 4789.0
    },
    "disk_discard_bytes_per_sec": {
      "avg": 0.0,
      "last": 0.0,
      "max": 0.0,
      "min": 0.0,
      "p95": 0.0,
      "samples": 4789.0
    },
    "disk_discard_ops_per_sec": {
      "avg": 0.0,
      "last": 0.0,
      "max": 0.0,
      "min": 0.0,
      "p95": 0.0,
      "samples": 4789.0
    },
    "disk_flush_await_ms": {
      "avg": 0.1938468364882301,
      "last": 0.2625,
      "max": 0.6666666666666666,
      "min": 0.0,
      "p95": 0.3333333333333333,
      "samples": 4789.0
    },
    "disk_flush_ops_per_sec": {
      "avg": 65.9610565880142,
      "last": 80.0,
      "max": 285.0,
      "min": 0.0,
      "p95": 147.0,
      "samples": 4789.0
    },
    "disk_in_flight": {
      "avg": 1.674671121319691,
      "last": 0.0,
      "max": 64.0,
      "min": 0.0,
      "p95": 10.0,
      "samples": 4789.0
    },
    "disk_read_avg_request_bytes": {
      "avg": 47687.97170282518,
      "last": 81349.08886810103,
      "max": 262144.0,
      "min": 0.0,
      "p95": 122891.29619415334,
      "samples": 4789.0
    },
    "disk_read_await_ms": {
      "avg": 0.3374362368716045,
      "last": 0.637043966323667,
      "max": 5.0,
      "min": 0.0,
      "p95": 0.7284345047923323,
      "samples": 4789.0
    },
    "disk_read_bytes_per_sec": {
      "avg": 73270402.21841721,
      "last": 86962176.0,
      "max": 428957696.0,
      "min": 0.0,
      "p95": 188702720.0,
      "samples": 4789.0
    },
    "disk_read_merges_per_sec": {
      "avg": 5.272708289830862,
      "last": 10.0,
      "max": 2468.0,
      "min": 0.0,
      "p95": 21.0,
      "samples": 4789.0
    },
    "disk_read_ops_per_sec": {
      "avg": 1348.8816036750889,
      "last": 1069.0,
      "max": 7595.0,
      "min": 0.0,
      "p95": 3433.0,
      "samples": 4789.0
    },
    "disk_write_avg_request_bytes": {
      "avg": 393595.1798191864,
      "last": 481012.03738317755,
      "max": 1310720.0,
      "min": 0.0,
      "p95": 584155.136,
      "samples": 4789.0
    },
    "disk_write_await_ms": {
      "avg": 2.854332201399874,
      "last": 4.0607476635514015,
      "max": 14.967391304347826,
      "min": 0.0,
      "p95": 4.99793388429752,
      "samples": 4789.0
    },
    "disk_write_bytes_per_sec": {
      "avg": 173990889.12090206,
      "last": 205873152.0,
      "max": 818860032.0,
      "min": 0.0,
      "p95": 386650112.0,
      "samples": 4789.0
    },
    "disk_write_merges_per_sec": {
      "avg": 402.36458550845686,
      "last": 515.0,
      "max": 1961.0,
      "min": 0.0,
      "p95": 902.0,
      "samples": 4789.0
    },
    "disk_write_ops_per_sec": {
      "avg": 352.49509292127794,
      "last": 428.0,
      "max": 1512.0,
      "min": 0.0,
      "p95": 770.0,
      "samples": 4789.0
    },
    "net_rx_bytes_per_sec": {
      "avg": 3619054.6274796408,
      "last": 6944297.0,
      "max": 14033485.0,
      "min": 564.0,
      "p95": 7671390.0,
      "samples": 4789.0
    },
    "net_tx_bytes_per_sec": {
      "avg": 82472.26592190437,
      "last": 47447.0,
      "max": 8378817.0,
      "min": 231.0,
      "p95": 69689.0,
      "samples": 4789.0
    },
    "proc_fd_count": {
      "avg": 2144.217790770516,
      "last": 3622.0,
      "max": 3640.0,
      "min": 40.0,
      "p95": 3598.0,
      "samples": 4789.0
    },
    "proc_read_bytes_per_sec": {
      "avg": 73228855.91480476,
      "last": 86888448.0,
      "max": 431136768.0,
      "min": 0.0,
      "p95": 189095936.0,
      "samples": 4789.0
    },
    "proc_rss_bytes": {
      "avg": 8965637114.654417,
      "last": 8146620416.0,
      "max": 10793775104.0,
      "min": 1024057344.0,
      "p95": 9862713344.0,
      "samples": 4789.0
    },
    "proc_threads": {
      "avg": 63.07600751722698,
      "last": 59.0,
      "max": 79.0,
      "min": 59.0,
      "p95": 79.0,
      "samples": 4789.0
    },
    "proc_virtual_bytes": {
      "avg": 13414023096.155355,
      "last": 15620210688.0,
      "max": 15620210688.0,
      "min": 4952293376.0,
      "p95": 15620210688.0,
      "samples": 4789.0
    },
    "proc_write_bytes_per_sec": {
      "avg": 195424719.14136562,
      "last": 243003392.0,
      "max": 845524992.0,
      "min": 0.0,
      "p95": 416899072.0,
      "samples": 4789.0
    },
    "storage_used_bytes": {
      "avg": 78270341669.09834,
      "last": 99690536960.0,
      "max": 100101083136.0,
      "min": 60552052736.0,
      "p95": 96534650880.0,
      "samples": 4789.0
    },
    "system_cpu_iowait_pct": {
      "avg": 4.643879450866623,
      "last": 5.7317073170731705,
      "max": 11.552346570397113,
      "min": 0.0,
      "p95": 8.244994110718492,
      "samples": 4789.0
    },
    "system_cpu_util_pct": {
      "avg": 48.791669347510535,
      "last": 62.68292682926829,
      "max": 77.56563245823389,
      "min": 7.771428571428571,
      "p95": 69.49152542372882,
      "samples": 4789.0
    }
  },
  "host_sample_count": 4790,
  "iostat_metrics": {
    "aqu_sz": {
      "avg": 1.7371445591739476,
      "last": 5.08,
      "max": 8.87,
      "min": 0.0,
      "p95": 3.8,
      "samples": 5036.0
    },
    "cpu_iowait_pct": {
      "avg": 4.635131056393964,
      "last": 8.96,
      "max": 11.67,
      "min": 0.0,
      "p95": 8.38,
      "samples": 5036.0
    },
    "devices": [
      "sda"
    ],
    "r_await_ms": {
      "avg": 0.33506751389992057,
      "last": 0.79,
      "max": 5.0,
      "min": 0.0,
      "p95": 0.72,
      "samples": 5036.0
    },
    "r_s": {
      "avg": 1310.7133240667197,
      "last": 1313.0,
      "max": 6921.0,
      "min": 0.0,
      "p95": 3216.0,
      "samples": 5036.0
    },
    "rkB_s": {
      "avg": 69334.65210484511,
      "last": 239380.0,
      "max": 331280.0,
      "min": 0.0,
      "p95": 178040.0,
      "samples": 5036.0
    },
    "util_pct": {
      "avg": 27.527049245432885,
      "last": 37.8,
      "max": 57.6,
      "min": 0.0,
      "p95": 48.6,
      "samples": 5036.0
    },
    "w_await_ms": {
      "avg": 2.8202184273232724,
      "last": 3.77,
      "max": 12.18,
      "min": 0.0,
      "p95": 5.04,
      "samples": 5036.0
    },
    "w_s": {
      "avg": 340.84197974583003,
      "last": 1056.0,
      "max": 1498.0,
      "min": 0.0,
      "p95": 746.0,
      "samples": 5036.0
    },
    "wkB_s": {
      "avg": 164260.38811159652,
      "last": 589608.0,
      "max": 745444.0,
      "min": 0.0,
      "p95": 371144.0,
      "samples": 5036.0
    }
  },
  "iostat_sample_count": 5036,
  "metadata": {
    "collector": "operator-kit",
    "ended_at_utc": "2026-04-04T13:35:05Z",
    "host": {
      "cpu_model": "AMD EPYC-Genoa Processor",
      "disk_capacity_gib": 300.17,
      "disk_device": "sda",
      "disk_type": "local-ssd",
      "instance_name": "node-perf-devnet-01",
      "memory_gib": 15.24,
      "os": "Ubuntu 24.04.4 LTS",
      "provider": "hetzner",
      "region": "hel1",
      "vcpu": 8
    },
    "load": {
      "estimated_bps": 10.0,
      "estimated_tps": 3000.0,
      "notes": "",
      "payload_profile": "unknown",
      "source": "devnet",
      "traffic_shape": "sustained synthetic devnet load"
    },
    "node": {
      "archival": false,
      "commit": "dac7407e7924e31983aa72a8357967b1e2d8d93a",
      "flags": [
        "--utxoindex",
        "--perf-metrics",
        "--perf-metrics-interval-sec=1",
        "--loglevel=info,kaspad_lib::daemon=debug,kaspa_mining::monitor=debug"
      ],