{
  "duration_sec": 29265.0,
  "generated_at_utc": "2026-04-05T20:09:23.518084Z",
  "host_metrics": {
    "disk_avg_queue_depth": {
      "avg": 5.861353056420871,
      "last": 3.458,
      "max": 62.487,
      "min": 0.0,
      "p95": 13.944,
      "samples": 27332.0
    },
    "disk_busy_pct": {
      "avg": 58.16258458600768,
      "last": 48.8,
      "max": 192.5,
      "min": 0.0,
      "p95": 95.9,
      "samples": 27332.0
    },
    "disk_discard_await_ms": {
      "avg": 0.0,
      "last": 0.0,
      "max": 0.0,
      "min": 0.0,
      "p95": 0.0,
      "samples": 27332.0
    },
    "disk_discard_bytes_per_sec": {
      "avg": 0.0,
      "last": 0.0,
      "max": 0.0,
      "min": 0.0,
      "p95": 0.0,
      "samples": 27332.0
    },
    "disk_discard_ops_per_sec": {
      "avg": 0.0,
      "last": 0.0,
      "max": 0.0,
      "min": 0.0,
      "p95": 0.0,
      "samples": 27332.0
    },
    "disk_flush_await_ms": {
      "avg": 5.2543714062076115,
      "last": 0.55,
      "max": 2442.0,
      "min": 0.0,
      "p95": 12.166666666666666,
      "samples": 27332.0
    },
    "disk_flush_ops_per_sec": {
      "avg": 23.82600980535636,
      "last": 60.0,
      "max": 153.0,
      "min": 0.0,
      "p95": 75.0,
      "samples": 27332.0
    },
    "disk_in_flight": {
      "avg": 5.683667495975413,
      "last": 0.0,
      "max": 32.0,
      "min": 0.0,
      "p95": 18.0,
      "samples": 27332.0
    },
    "disk_read_avg_request_bytes": {
      "avg": 59007.81634308496,
      "last": 84018.1323662738,
      "max": 655360.0,
      "min": 0.0,
      "p95": 170703.56756756757,
      "samples": 27332.0
    },
    "disk_read_await_ms": {
      "avg": 43.730609839022726,
      "last": 1.2157751586582048,
      "max": 4216.25,
      "min": 0.0,
      "p95": 161.6,
      "samples": 27332.0
    },
    "disk_read_bytes_per_sec": {
      "avg": 17693754.522492386,
      "last": 92672000.0,
      "max": 136486912.0,
      "min": 0.0,
      "p95": 64712704.0,
      "samples": 27332.0
    },
    "disk_read_merges_per_sec": {
      "avg": 7.806463120152203,
      "last": 106.0,
      "max": 2081.0,
      "min": 0.0,
      "p95": 19.0,
      "samples": 27332.0
    },
    "disk_read_ops_per_sec": {
      "avg": 342.49765842236206,
      "last": 1103.0,
      "max": 7185.0,
      "min": 0.0,
      "p95": 1193.0,
      "samples": 27332.0
    },
    "disk_write_avg_request_bytes": {
      "avg": 369010.1194451684,
      "last": 446012.47244094487,
      "max": 1310720.0,
      "min": 0.0,
      "p95": 563119.6862745098,
      "samples": 27332.0
    },
    "disk_write_await_ms": {
      "avg": 99.84311406668448,
      "last": 8.204724409448819,
      "max": 4484.6,
      "min": 0.0,
      "p95": 450.36842105263156,
      "samples": 27332.0
    },
    "disk_write_bytes_per_sec": {
      "avg": 42802243.48560557,
      "last": 113287168.0,
      "max": 278077440.0,
      "min": 0.0,
      "p95": 123252736.0,
      "samples": 27332.0
    },
    "disk_write_merges_per_sec": {
      "avg": 146.197803638505,
      "last": 283.0,
      "max": 32040.0,
      "min": 0.0,
      "p95": 319.0,
      "samples": 27332.0
    },
    "disk_write_ops_per_sec": {
      "avg": 109.10912030552014,
      "last": 254.0,
      "max": 2214.0,
      "min": 0.0,
      "p95": 318.0,
      "samples": 27332.0
    },
    "net_rx_bytes_per_sec": {
      "avg": 1045976.8184218917,
      "last": 2174547.0,
      "max": 6696084.0,
      "min": 364.5,
      "p95": 3403226.0,
      "samples": 27332.0
    },
    "net_tx_bytes_per_sec": {
      "avg": 7631.911432090764,
      "last": 8993.0,
      "max": 55515.0,
      "min": 0.0,
      "p95": 25164.0,
      "samples": 27332.0
    },
    "proc_fd_count": {
      "avg": 2816.360822479145,
      "last": 3639.0,
      "max": 3646.0,
      "min": 40.0,
      "p95": 3628.0,
      "samples": 27332.0
    },
    "proc_read_bytes_per_sec": {
      "avg": 17688511.855937224,
      "last": 89899008.0,
      "max": 137887744.0,
      "min": 0.0,
      "p95": 64638976.0,
      "samples": 27332.0
    },
    "proc_rss_bytes": {
      "avg": 6689001172.877506,
      "last": 7097376768.0,
      "max": 9527197696.0,
      "min": 241053696.0,
      "p95": 7882477568.0,
      "samples": 27332.0
    },
    "proc_threads": {
      "avg": 55.47420605883214,
      "last": 47.0,
      "max": 68.0,
      "min": 47.0,
      "p95": 58.0,
      "samples": 27332.0
    },
    "proc_virtual_bytes": {
      "avg": 13185809526.689888,
      "last": 13247410176.0,
      "max": 13289857024.0,
      "min": 3583500288.0,
      "p95": 13268639744.0,
      "samples": 27332.0
    },
    "proc_write_bytes_per_sec": {
      "avg": 47348296.211578265,
      "last": 138309632.0,
      "max": 286142464.0,
      "min": 0.0,
      "p95": 132493312.0,
      "samples": 27332.0
    },
    "storage_used_bytes": {
      "avg": 97148889213.28377,
      "last": 121728528384.0,
      "max": 122001256448.0,
      "min": 69583077376.0,
      "p95": 119179583488.0,
      "samples": 27332.0
    },
    "system_cpu_iowait_pct": {
      "avg": 30.170050481433844,
      "last": 11.347517730496454,
      "max": 97.84172661870504,
      "min": 0.0,
      "p95": 71.69811320754717,
      "samples": 27332.0
    },
    "system_cpu_util_pct": {
      "avg": 41.07315876195118,
      "last": 84.16075650118204,
      "max": 92.09302325581395,
      "min": 1.6253869969040247,
      "p95": 81.71021377672209,
      "samples": 27332.0
    }
  },
  "host_sample_count": 27333,
  "iostat_metrics": {
    "aqu_sz": {
      "avg": 5.615849492474624,
      "last": 3.65,
      "max": 59.57,
      "min": 0.0,
      "p95": 13.12,
      "samples": 28570.0
    },
    "cpu_iowait_pct": {
      "avg": 30.23952327616381,
      "last": 13.53,
      "max": 98.75,
      "min": 0.0,
      "p95": 71.79,
      "samples": 28570.0
    },
    "devices": [
      "sda"
    ],
    "r_await_ms": {
      "avg": 41.05448512425621,
      "last": 1.33,
      "max": 3424.0,
      "min": 0.0,
      "p95": 154.62,
      "samples": 28570.0
    },
    "r_s": {
      "avg": 332.6694907245362,
      "last": 986.0,
      "max": 6526.0,
      "min": 0.0,
      "p95": 1145.0,
      "samples": 28570.0
    },
    "rkB_s": {
      "avg": 16803.350640532026,
      "last": 88264.0,
      "max": 119576.24,
      "min": 0.0,
      "p95": 61864.0,
      "samples": 28570.0
    },
    "util_pct": {
      "avg": 56.383249212460626,
      "last": 48.6,
      "max": 113.4,
      "min": 0.0,
      "p95": 90.4,
      "samples": 28570.0
    },
    "w_await_ms": {
      "avg": 98.39317395869793,
      "last": 8.39,
      "max": 5012.67,
      "min": 0.0,
      "p95": 449.19,
      "samples": 28570.0
    },
    "w_s": {
      "avg": 106.19049667483374,
      "last": 274.0,
      "max": 1906.0,
      "min": 0.0,
      "p95": 306.0,
      "samples": 28570.0
    },
    "wkB_s": {
      "avg": 40698.6162779139,
      "last": 111676.0,
      "max": 263413.86,
      "min": 0.0,
      "p95": 115388.0,
      "samples": 28570.0
    }
  },
  "iostat_sample_count": 28570,
  "metadata": {
    "collector": "operator-kit",
    "ended_at_utc": "2026-04-04T20:17:51Z",
    "host": {
      "cpu_model": "Intel(R) N97",
      "disk_capacity_gib": 465.88,
      "disk_device": "sda",
      "disk_type": "local-ssd",
      "instance_name": "gmk-nucbox-g5",
      "memory_gib": 11.43,
      "os": "Ubuntu 24.04.3 LTS",
      "provider": "homelab",
      "region": "gmk",
      "vcpu": 4
    },
    "load": {
      "estimated_bps": 10.0,
      "estimated_tps": 3000.0,
      "notes": "",
      "payload_profile": "unknown",
      "source": "devnet",
      "traffic_shape": "sustained synthetic devnet load"
    },
    "node": {
      "archival": false,
      "commit": "unknown",
      "flags": [
        "--utxoindex",
        "--perf-metrics",
        "--perf-metrics-interval-sec=1",
        "--loglevel=info,kaspad_lib::daemon=debug,kaspa_mining::monitor=debug"
      ],
      "network": "devnet",