{
  "duration_sec": 9033.0,
  "generated_at_utc": "2026-04-08T05:47:05.356213Z",
  "host_metrics": {
    "disk_avg_queue_depth": {
      "avg": 2.4917315979501513,
      "last": 2.369,
      "max": 7.838,
      "min": 0.0,
      "p95": 4.498,
      "samples": 8586.0
    },
    "disk_busy_pct": {
      "avg": 28.36649778709527,
      "last": 32.5,
      "max": 60.8,
      "min": 0.0,
      "p95": 40.9,
      "samples": 8586.0
    },
    "disk_discard_await_ms": {
      "avg": 0.0,
      "last": 0.0,
      "max": 0.0,
      "min": 0.0,
      "p95": 0.0,
      "samples": 8586.0
    },
    "disk_discard_bytes_per_sec": {
      "avg": 0.0,
      "last": 0.0,
      "max": 0.0,
      "min": 0.0,
      "p95": 0.0,
      "samples": 8586.0
    },
    "disk_discard_ops_per_sec": {
      "avg": 0.0,
      "last": 0.0,
      "max": 0.0,
      "min": 0.0,
      "p95": 0.0,
      "samples": 8586.0
    },
    "disk_flush_await_ms": {
      "avg": 0.25235388944294285,
      "last": 0.2222222222222222,
      "max": 1.5,
      "min": 0.0,
      "p95": 0.3793103448275862,
      "samples": 8586.0
    },
    "disk_flush_ops_per_sec": {
      "avg": 112.29361751688796,
      "last": 108.0,
      "max": 312.0,
      "min": 0.0,
      "p95": 202.0,
      "samples": 8586.0
    },
    "disk_in_flight": {
      "avg": 2.253086419753086,
      "last": 0.0,
      "max": 102.0,
      "min": 0.0,
      "p95": 13.0,
      "samples": 8586.0
    },
    "disk_read_avg_request_bytes": {
      "avg": 82864.19356903012,
      "last": 80273.3371757925,
      "max": 271431.719844358,
      "min": 0.0,
      "p95": 186142.94505494504,
      "samples": 8586.0
    },
    "disk_read_await_ms": {
      "avg": 0.4778618933302025,
      "last": 0.4538904899135447,
      "max": 25.0,
      "min": 0.0,
      "p95": 0.7739130434782608,
      "samples": 8586.0
    },
    "disk_read_bytes_per_sec": {
      "avg": 108082202.71511763,
      "last": 111419392.0,
      "max": 558063616.0,
      "min": 0.0,
      "p95": 282910720.0,
      "samples": 8586.0
    },
    "disk_read_merges_per_sec": {
      "avg": 14.192173305380853,
      "last": 8.0,
      "max": 159.0,
      "min": 0.0,
      "p95": 55.0,
      "samples": 8586.0
    },
    "disk_read_ops_per_sec": {
      "avg": 1050.0068134171909,
      "last": 1388.0,
      "max": 11729.0,
      "min": 0.0,
      "p95": 1785.0,
      "samples": 8586.0
    },
    "disk_write_avg_request_bytes": {
      "avg": 470822.1227960646,
      "last": 552064.5672082718,
      "max": 1015435.6363636364,
      "min": 0.0,
      "p95": 600215.3604826547,
      "samples": 8586.0
    },
    "disk_write_await_ms": {
      "avg": 3.1384875725164436,
      "last": 2.533234859675037,
      "max": 13.942307692307692,
      "min": 0.0,
      "p95": 4.769230769230769,
      "samples": 8586.0
    },
    "disk_write_bytes_per_sec": {
      "avg": 294591373.9836944,
      "last": 373747712.0,
      "max": 880984064.0,
      "min": 0.0,
      "p95": 607907840.0,
      "samples": 8586.0
    },
    "disk_write_merges_per_sec": {
      "avg": 703.8937223386908,
      "last": 648.0,
      "max": 1970.0,
      "min": 0.0,
      "p95": 1292.0,
      "samples": 8586.0
    },
    "disk_write_ops_per_sec": {
      "avg": 584.4519566736548,
      "last": 677.0,
      "max": 1832.0,
      "min": 0.0,
      "p95": 1134.0,
      "samples": 8586.0
    },
    "net_rx_bytes_per_sec": {
      "avg": 5641054.972629863,
      "last": 5235611.0,
      "max": 9945391.0,
      "min": 564.0,
      "p95": 8557683.0,
      "samples": 8586.0
    },
    "net_tx_bytes_per_sec": {
      "avg": 11434.393780573026,
      "last": 130763.0,
      "max": 135642.0,
      "min": 264.0,
      "p95": 17836.0,
      "samples": 8586.0
    },
    "proc_fd_count": {
      "avg": 2916.51572327044,
      "last": 3667.0,
      "max": 3678.0,
      "min": 57.0,
      "p95": 3664.0,
      "samples": 8586.0
    },
    "proc_read_bytes_per_sec": {
      "avg": 108088124.88423014,
      "last": 104382464.0,
      "max": 561176576.0,
      "min": 0.0,
      "p95": 283791360.0,
      "samples": 8586.0
    },
    "proc_rss_bytes": {
      "avg": 7679458246.5147915,
      "last": 7525801984.0,
      "max": 8587669504.0,
      "min": 2440765440.0,
      "p95": 8097583104.0,
      "samples": 8586.0
    },
    "proc_threads": {
      "avg": 58.33869089215001,
      "last": 56.0,
      "max": 76.0,
      "min": 56.0,
      "p95": 76.0,
      "samples": 8586.0
    },
    "proc_virtual_bytes": {
      "avg": 11264464338.321918,
      "last": 11318865920.0,
      "max": 11388366848.0,
      "min": 6019657728.0,
      "p95": 11388366848.0,
      "samples": 8586.0
    },
    "proc_write_bytes_per_sec": {
      "avg": 324558836.5506639,
      "last": 409710592.0,
      "max": 900284416.0,
      "min": 0.0,
      "p95": 636506112.0,
      "samples": 8586.0
    },
    "storage_used_bytes": {
      "avg": 57613222032.070816,
      "last": 113399074816.0,
      "max": 113399074816.0,
      "min": 7951364096.0,
      "p95": 107628433408.0,
      "samples": 8586.0
    },
    "system_cpu_iowait_pct": {
      "avg": 5.1156266013498675,
      "last": 5.162064825930372,
      "max": 22.403733955659277,
      "min": 0.0,
      "p95": 8.674698795180722,
      "samples": 8586.0
    },
    "system_cpu_util_pct": {
      "avg": 61.06989833051281,
      "last": 68.54741896758703,
      "max": 82.61904761904762,
      "min": 13.91812865497076,
      "p95": 74.0119760479042,
      "samples": 8586.0
    }
  },
  "host_sample_count": 8587,
  "iostat_metrics": {
    "aqu_sz": {
      "avg": 2.4243936515032973,
      "last": 2.21,
      "max": 7.98,
      "min": 0.0,
      "p95": 4.35,
      "samples": 8947.0
    },
    "cpu_iowait_pct": {
      "avg": 5.106377556722924,
      "last": 5.61,
      "max": 23.69,
      "min": 0.0,
      "p95": 8.76,
      "samples": 8947.0
    },
    "devices": [
      "sda"
    ],
    "r_await_ms": {
      "avg": 0.47481837487425954,
      "last": 0.46,
      "max": 25.0,
      "min": 0.0,
      "p95": 0.78,
      "samples": 8947.0
    },
    "r_s": {
      "avg": 1023.6624499832346,
      "last": 1948.0,
      "max": 11031.0,
      "min": 0.0,
      "p95": 1723.0,
      "samples": 8947.0
    },
    "rkB_s": {
      "avg": 102726.93649826758,
      "last": 58744.0,
      "max": 513852.0,
      "min": 0.0,
      "p95": 269968.0,
      "samples": 8947.0
    },
    "util_pct": {
      "avg": 27.643645914831787,
      "last": 34.2,
      "max": 57.1,
      "min": 0.0,
      "p95": 39.3,
      "samples": 8947.0
    },
    "w_await_ms": {
      "avg": 3.1333787861853133,
      "last": 2.7,
      "max": 13.94,
      "min": 0.0,
      "p95": 4.83,
      "samples": 8947.0
    },
    "w_s": {
      "avg": 569.0926724041578,
      "last": 480.0,
      "max": 1729.0,
      "min": 0.0,
      "p95": 1108.0,
      "samples": 8947.0
    },
    "wkB_s": {
      "avg": 280082.2073421258,
      "last": 186260.0,
      "max": 861012.0,
      "min": 0.0,
      "p95": 579800.0,
      "samples": 8947.0
    }
  },
  "iostat_sample_count": 8947,
  "metadata": {
    "collector": "operator-kit",
    "ended_at_utc": "2026-04-08T05:46:25Z",
    "host": {
      "cpu_model": "AMD EPYC-Genoa Processor",
      "disk_capacity_gib": 300.17,
      "disk_device": "sda",
      "disk_type": "local-ssd",
      "instance_name": "node-perf-devnet-08",
      "memory_gib": 15.24,
      "os": "Ubuntu 24.04.3 LTS",
      "provider": "hetzner",
      "region": "hel1",
      "vcpu": 8
    },
    "load": {
      "estimated_bps": 10.0,
      "estimated_tps": 3000.0,
      "notes": "",
      "payload_profile": "unknown",
      "source": "devnet",
      "traffic_shape": "cold downstream IBD via relay during 8-leaf simultaneous launch"
    },
    "node": {
      "archival": false,
      "commit": "dac7407e7924e31983aa72a8357967b1e2d8d93a",