{
  "duration_sec": 8918.0,
  "generated_at_utc": "2026-04-08T05:45:10.392730Z",
  "host_metrics": {
    "disk_avg_queue_depth": {
      "avg": 2.1676965822038894,
      "last": 2.229,
      "max": 7.414,
      "min": 0.0,
      "p95": 3.885,
      "samples": 8485.0
    },
    "disk_busy_pct": {
      "avg": 30.51454920447849,
      "last": 37.6,
      "max": 55.4,
      "min": 0.0,
      "p95": 43.7,
      "samples": 8485.0
    },
    "disk_discard_await_ms": {
      "avg": 0.0,
      "last": 0.0,
      "max": 0.0,
      "min": 0.0,
      "p95": 0.0,
      "samples": 8485.0
    },
    "disk_discard_bytes_per_sec": {
      "avg": 0.0,
      "last": 0.0,
      "max": 0.0,
      "min": 0.0,
      "p95": 0.0,
      "samples": 8485.0
    },
    "disk_discard_ops_per_sec": {
      "avg": 0.0,
      "last": 0.0,
      "max": 0.0,
      "min": 0.0,
      "p95": 0.0,
      "samples": 8485.0
    },
    "disk_flush_await_ms": {
      "avg": 0.2354431591471708,
      "last": 0.2,
      "max": 0.9096385542168675,
      "min": 0.0,
      "p95": 0.3473684210526316,
      "samples": 8485.0
    },
    "disk_flush_ops_per_sec": {
      "avg": 115.77642899233942,
      "last": 120.0,
      "max": 293.0,
      "min": 0.0,
      "p95": 211.0,
      "samples": 8485.0
    },
    "disk_in_flight": {
      "avg": 1.9823217442545669,
      "last": 0.0,
      "max": 97.0,
      "min": 0.0,
      "p95": 12.0,
      "samples": 8485.0
    },
    "disk_read_avg_request_bytes": {
      "avg": 81299.92168779831,
      "last": 83131.83431952662,
      "max": 259503.15789473685,
      "min": 0.0,
      "p95": 184733.21944035345,
      "samples": 8485.0
    },
    "disk_read_await_ms": {
      "avg": 0.5294398429238893,
      "last": 0.5106508875739645,
      "max": 8.5,
      "min": 0.0,
      "p95": 0.8255408234473133,
      "samples": 8485.0
    },
    "disk_read_bytes_per_sec": {
      "avg": 104423794.73989393,
      "last": 140492800.0,
      "max": 503259136.0,
      "min": 0.0,
      "p95": 278372352.0,
      "samples": 8485.0
    },
    "disk_read_merges_per_sec": {
      "avg": 13.498880377136123,
      "last": 8.0,
      "max": 152.0,
      "min": 0.0,
      "p95": 54.0,
      "samples": 8485.0
    },
    "disk_read_ops_per_sec": {
      "avg": 1023.6893341190336,
      "last": 1690.0,
      "max": 10209.0,
      "min": 0.0,
      "p95": 1713.0,
      "samples": 8485.0
    },
    "disk_write_avg_request_bytes": {
      "avg": 475265.4265021678,
      "last": 440398.76923076925,
      "max": 799474.5263157894,
      "min": 0.0,
      "p95": 597221.4994974874,
      "samples": 8485.0
    },
    "disk_write_await_ms": {
      "avg": 2.5225919349945616,
      "last": 2.582692307692308,
      "max": 6.205194805194806,
      "min": 0.0,
      "p95": 3.8527245949926363,
      "samples": 8485.0
    },
    "disk_write_bytes_per_sec": {
      "avg": 298126171.99104303,
      "last": 229007360.0,
      "max": 805343232.0,
      "min": 0.0,
      "p95": 618532864.0,
      "samples": 8485.0
    },
    "disk_write_merges_per_sec": {
      "avg": 714.104242781379,
      "last": 653.0,
      "max": 1894.0,
      "min": 0.0,
      "p95": 1316.0,
      "samples": 8485.0
    },
    "disk_write_ops_per_sec": {
      "avg": 586.1520329994107,
      "last": 520.0,
      "max": 1810.0,
      "min": 0.0,
      "p95": 1151.0,
      "samples": 8485.0
    },
    "net_rx_bytes_per_sec": {
      "avg": 5703928.307248085,
      "last": 7130409.0,
      "max": 10676643.0,
      "min": 873.0,
      "p95": 8830784.0,
      "samples": 8485.0
    },
    "net_tx_bytes_per_sec": {
      "avg": 12046.361697112552,
      "last": 77032.0,
      "max": 111988.0,
      "min": 363.0,
      "p95": 18977.0,
      "samples": 8485.0
    },
    "proc_fd_count": {
      "avg": 2927.9264584560988,
      "last": 3658.0,
      "max": 3670.0,
      "min": 58.0,
      "p95": 3662.0,
      "samples": 8485.0
    },
    "proc_read_bytes_per_sec": {
      "avg": 104420914.74743666,
      "last": 140443648.0,
      "max": 502591488.0,
      "min": 0.0,
      "p95": 279085056.0,
      "samples": 8485.0
    },
    "proc_rss_bytes": {
      "avg": 7512972923.881674,
      "last": 7544225792.0,
      "max": 8573341696.0,
      "min": 2456948736.0,
      "p95": 7863414784.0,
      "samples": 8485.0
    },
    "proc_threads": {
      "avg": 59.29581614614025,
      "last": 57.0,
      "max": 77.0,
      "min": 57.0,
      "p95": 77.0,
      "samples": 8485.0
    },
    "proc_virtual_bytes": {
      "avg": 11264254607.553093,
      "last": 11316789248.0,
      "max": 11390492672.0,
      "min": 6021783552.0,
      "p95": 11390492672.0,
      "samples": 8485.0
    },
    "proc_write_bytes_per_sec": {
      "avg": 328472706.8209782,
      "last": 270651392.0,
      "max": 837734400.0,
      "min": 0.0,
      "p95": 642224128.0,
      "samples": 8485.0
    },
    "storage_used_bytes": {
      "avg": 57823585746.68333,
      "last": 112852008960.0,
      "max": 113470443520.0,
      "min": 7956111360.0,
      "p95": 107522613248.0,
      "samples": 8485.0
    },
    "system_cpu_iowait_pct": {
      "avg": 5.042086373565773,
      "last": 5.804111245465538,
      "max": 16.22596153846154,
      "min": 0.0,
      "p95": 8.29326923076923,
      "samples": 8485.0
    },
    "system_cpu_util_pct": {
      "avg": 60.768339614147514,
      "last": 60.45949214026602,
      "max": 81.4993954050786,
      "min": 14.104046242774567,
      "p95": 74.02912621359224,
      "samples": 8485.0
    }
  },
  "host_sample_count": 8486,
  "iostat_metrics": {
    "aqu_sz": {
      "avg": 2.1139581211092247,
      "last": 1.91,
      "max": 6.59,
      "min": 0.0,
      "p95": 3.81,
      "samples": 8835.0
    },
    "cpu_iowait_pct": {
      "avg": 5.034233163554046,
      "last": 6.74,
      "max": 16.06,
      "min": 0.0,
      "p95": 8.35,
      "samples": 8835.0
    },
    "devices": [
      "sda"
    ],
    "r_await_ms": {
      "avg": 0.5268975664968873,
      "last": 0.61,
      "max": 8.5,
      "min": 0.0,
      "p95": 0.83,
      "samples": 8835.0
    },
    "r_s": {
      "avg": 998.8625308432371,
      "last": 1313.0,
      "max": 9609.0,
      "min": 0.0,
      "p95": 1655.0,
      "samples": 8835.0
    },
    "rkB_s": {
      "avg": 99475.47091680815,
      "last": 137400.0,
      "max": 441516.0,
      "min": 0.0,
      "p95": 267296.0,
      "samples": 8835.0
    },
    "util_pct": {
      "avg": 29.75871533672892,
      "last": 38.2,
      "max": 53.4,
      "min": 0.0,
      "p95": 42.0,
      "samples": 8835.0
    },
    "w_await_ms": {
      "avg": 2.515336728919072,
      "last": 2.55,
      "max": 7.0,
      "min": 0.0,
      "p95": 3.86,
      "samples": 8835.0
    },
    "w_s": {
      "avg": 571.6130707413696,
      "last": 423.0,
      "max": 1711.0,
      "min": 0.0,
      "p95": 1129.0,
      "samples": 8835.0
    },
    "wkB_s": {
      "avg": 283931.0304493492,
      "last": 232116.0,
      "max": 795840.0,
      "min": 0.0,
      "p95": 591296.0,
      "samples": 8835.0
    }
  },
  "iostat_sample_count": 8835,
  "metadata": {
    "collector": "operator-kit",
    "ended_at_utc": "2026-04-08T05:44:30Z",
    "host": {
      "cpu_model": "AMD EPYC-Genoa Processor",
      "disk_capacity_gib": 300.17,
      "disk_device": "sda",
      "disk_type": "local-ssd",
      "instance_name": "node-perf-devnet-04",
      "memory_gib": 15.24,
      "os": "Ubuntu 24.04.3 LTS",
      "provider": "hetzner",
      "region": "hel1",
      "vcpu": 8
    },
    "load": {
      "estimated_bps": 10.0,
      "estimated_tps": 3000.0,
      "notes": "",
      "payload_profile": "unknown",
      "source": "devnet",
      "traffic_shape": "cold downstream IBD via relay during 8-leaf simultaneous launch"
    },
    "node": {
      "archival": false,
      "commit": "dac7407e7924e31983aa72a8357967b1e2d8d93a",