{
  "duration_sec": 9073.0,
  "generated_at_utc": "2026-04-08T05:47:45.058047Z",
  "host_metrics": {
    "disk_avg_queue_depth": {
      "avg": 2.3937597590640567,
      "last": 3.072,
      "max": 11.281,
      "min": 0.0,
      "p95": 4.475,
      "samples": 8633.0
    },
    "disk_busy_pct": {
      "avg": 32.51889841306614,
      "last": 41.8,
      "max": 69.3,
      "min": 0.0,
      "p95": 46.2,
      "samples": 8633.0
    },
    "disk_discard_await_ms": {
      "avg": 0.0,
      "last": 0.0,
      "max": 0.0,
      "min": 0.0,
      "p95": 0.0,
      "samples": 8633.0
    },
    "disk_discard_bytes_per_sec": {
      "avg": 0.0,
      "last": 0.0,
      "max": 0.0,
      "min": 0.0,
      "p95": 0.0,
      "samples": 8633.0
    },
    "disk_discard_ops_per_sec": {
      "avg": 0.0,
      "last": 0.0,
      "max": 0.0,
      "min": 0.0,
      "p95": 0.0,
      "samples": 8633.0
    },
    "disk_flush_await_ms": {
      "avg": 0.23811031571074018,
      "last": 0.28735632183908044,
      "max": 1.4128440366972477,
      "min": 0.0,
      "p95": 0.37209302325581395,
      "samples": 8633.0
    },
    "disk_flush_ops_per_sec": {
      "avg": 105.91289238966756,
      "last": 174.0,
      "max": 257.0,
      "min": 0.0,
      "p95": 186.0,
      "samples": 8633.0
    },
    "disk_in_flight": {
      "avg": 2.265145372408201,
      "last": 1.0,
      "max": 100.0,
      "min": 0.0,
      "p95": 13.0,
      "samples": 8633.0
    },
    "disk_read_avg_request_bytes": {
      "avg": 84475.41639235779,
      "last": 145742.52506738543,
      "max": 324855.1724137931,
      "min": 0.0,
      "p95": 186169.68687782806,
      "samples": 8633.0
    },
    "disk_read_await_ms": {
      "avg": 0.5916386635357382,
      "last": 0.7471698113207547,
      "max": 3.5,
      "min": 0.0,
      "p95": 1.007936507936508,
      "samples": 8633.0
    },
    "disk_read_bytes_per_sec": {
      "avg": 108760378.92181166,
      "last": 270352384.0,
      "max": 468135936.0,
      "min": 0.0,
      "p95": 278274048.0,
      "samples": 8633.0
    },
    "disk_read_merges_per_sec": {
      "avg": 13.232537935827638,
      "last": 26.0,
      "max": 128.0,
      "min": 0.0,
      "p95": 50.0,
      "samples": 8633.0
    },
    "disk_read_ops_per_sec": {
      "avg": 1053.9869686088266,
      "last": 1855.0,
      "max": 11884.0,
      "min": 0.0,
      "p95": 1721.0,
      "samples": 8633.0
    },
    "disk_write_avg_request_bytes": {
      "avg": 477195.5143321874,
      "last": 533000.5947242206,
      "max": 1266249.142857143,
      "min": 0.0,
      "p95": 620548.2755741128,
      "samples": 8633.0
    },
    "disk_write_await_ms": {
      "avg": 2.7208301915144837,
      "last": 1.961630695443645,
      "max": 7.554123711340206,
      "min": 0.0,
      "p95": 4.260631001371742,
      "samples": 8633.0
    },
    "disk_write_bytes_per_sec": {
      "avg": 293980777.507703,
      "last": 444522496.0,
      "max": 864018432.0,
      "min": 0.0,
      "p95": 605233152.0,
      "samples": 8633.0
    },
    "disk_write_merges_per_sec": {
      "avg": 724.6433453029074,
      "last": 1131.0,
      "max": 1986.0,
      "min": 0.0,
      "p95": 1321.0,
      "samples": 8633.0
    },
    "disk_write_ops_per_sec": {
      "avg": 586.8577551256806,
      "last": 834.0,
      "max": 1705.0,
      "min": 0.0,
      "p95": 1128.0,
      "samples": 8633.0
    },
    "net_rx_bytes_per_sec": {
      "avg": 5613048.366037299,
      "last": 6570811.0,
      "max": 10301347.0,
      "min": 423.0,
      "p95": 8585059.0,
      "samples": 8633.0
    },
    "net_tx_bytes_per_sec": {
      "avg": 11647.216031507009,
      "last": 11788.0,
      "max": 28350.0,
      "min": 198.0,
      "p95": 18617.0,
      "samples": 8633.0
    },
    "proc_fd_count": {
      "avg": 2954.923201668018,
      "last": 3656.0,
      "max": 3667.0,
      "min": 58.0,
      "p95": 3659.0,
      "samples": 8633.0
    },
    "proc_read_bytes_per_sec": {
      "avg": 108756261.33395112,
      "last": 270983168.0,
      "max": 468611072.0,
      "min": 0.0,
      "p95": 278536192.0,
      "samples": 8633.0
    },
    "proc_rss_bytes": {
      "avg": 7500093021.290398,
      "last": 6928007168.0,
      "max": 8894701568.0,
      "min": 2444943360.0,
      "p95": 7899983872.0,
      "samples": 8633.0
    },
    "proc_threads": {
      "avg": 58.149889957141205,
      "last": 56.0,
      "max": 76.0,
      "min": 56.0,
      "p95": 76.0,
      "samples": 8633.0
    },
    "proc_virtual_bytes": {
      "avg": 11264004832.35955,
      "last": 11314663424.0,
      "max": 11388366848.0,
      "min": 6019657728.0,
      "p95": 11388366848.0,
      "samples": 8633.0
    },
    "proc_write_bytes_per_sec": {
      "avg": 323619904.88219625,
      "last": 487661568.0,
      "max": 890978304.0,
      "min": 0.0,
      "p95": 628084736.0,
      "samples": 8633.0
    },
    "storage_used_bytes": {
      "avg": 64743255520.74505,
      "last": 119555358720.0,
      "max": 119572836352.0,
      "min": 14277943296.0,
      "p95": 114013933568.0,
      "samples": 8633.0
    },
    "system_cpu_iowait_pct": {
      "avg": 5.773819860832378,
      "last": 7.1863580998781975,
      "max": 29.0,
      "min": 0.0,
      "p95": 10.157194679564691,
      "samples": 8633.0
    },
    "system_cpu_util_pct": {
      "avg": 59.60494672782397,
      "last": 69.18392204628502,
      "max": 81.31736526946108,
      "min": 10.45828437132785,
      "p95": 72.93413173652695,
      "samples": 8633.0
    }
  },
  "host_sample_count": 8634,
  "iostat_metrics": {
    "aqu_sz": {
      "avg": 2.335160752030259,
      "last": 1.58,
      "max": 10.06,
      "min": 0.0,
      "p95": 4.41,
      "samples": 8989.0
    },
    "cpu_iowait_pct": {
      "avg": 5.767498053176104,
      "last": 4.68,
      "max": 32.52,
      "min": 0.0,
      "p95": 10.11,
      "samples": 8989.0
    },
    "devices": [
      "sda"
    ],
    "r_await_ms": {
      "avg": 0.5888819668483702,
      "last": 0.44,
      "max": 3.5,
      "min": 0.0,
      "p95": 1.01,
      "samples": 8989.0
    },
    "r_s": {
      "avg": 1028.203539882078,
      "last": 871.0,
      "max": 8924.0,
      "min": 0.0,
      "p95": 1660.0,
      "samples": 8989.0
    },
    "rkB_s": {
      "avg": 103599.51561019024,
      "last": 29124.0,
      "max": 428360.0,
      "min": 0.0,
      "p95": 268180.0,
      "samples": 8989.0
    },
    "util_pct": {
      "avg": 31.725176326621426,
      "last": 31.1,
      "max": 63.0,
      "min": 0.0,
      "p95": 44.5,
      "samples": 8989.0
    },
    "w_await_ms": {
      "avg": 2.70982534208477,
      "last": 2.49,
      "max": 10.95,
      "min": 0.0,
      "p95": 4.31,
      "samples": 8989.0
    },
    "w_s": {
      "avg": 572.6456246523529,
      "last": 472.0,
      "max": 1650.0,
      "min": 0.0,
      "p95": 1109.0,
      "samples": 8989.0
    },
    "wkB_s": {
      "avg": 280104.77745244186,
      "last": 242348.0,
      "max": 846400.0,
      "min": 0.0,
      "p95": 579400.0,
      "samples": 8989.0
    }
  },
  "iostat_sample_count": 8989,
  "metadata": {
    "collector": "operator-kit",
    "ended_at_utc": "2026-04-08T05:47:05Z",
    "host": {
      "cpu_model": "AMD EPYC-Genoa Processor",
      "disk_capacity_gib": 300.17,
      "disk_device": "sda",
      "disk_type": "local-ssd",
      "instance_name": "node-perf-devnet-03",
      "memory_gib": 15.24,
      "os": "Ubuntu 24.04.3 LTS",
      "provider": "hetzner",
      "region": "hel1",
      "vcpu": 8
    },
    "load": {
      "estimated_bps": 10.0,
      "estimated_tps": 3000.0,
      "notes": "",
      "payload_profile": "unknown",
      "source": "devnet",
      "traffic_shape": "cold downstream IBD via relay during 8-leaf simultaneous launch"
    },
    "node": {
      "archival": false,
      "commit": "dac7407e7924e31983aa72a8357967b1e2d8d93a",